{
    "a1 a2":{
        "right":0.8125,
        "stay":0.125,
        "up":0.0,
        "down":0.0625
    },
    "a1 a3":{
        "right":0.8518518519,
        "stay":0.0987654321,
        "up":0.0,
        "down":0.049382716
    },
    "a1 a4":{
        "right":0.3741007194,
        "stay":0.6151079137,
        "up":0.0,
        "down":0.0107913669
    },
    "a1 a5":{
        "right":0.8796992481,
        "stay":0.0676691729,
        "up":0.0,
        "down":0.0526315789
    },
    "a1 b1":{
        "right":0.0,
        "stay":0.7179487179,
        "up":0.2820512821,
        "down":0.0
    },
    "a1 b2":{
        "right":0.0,
        "stay":0.2,
        "up":0.8,
        "down":0.0
    },
    "a1 b3":{
        "right":0.0,
        "stay":0.5652173913,
        "up":0.4347826087,
        "down":0.0
    },
    "a1 b4":{
        "right":0.0,
        "stay":0.8095238095,
        "up":0.1904761905,
        "down":0.0
    },
    "a1 b5":{
        "right":0.0,
        "stay":0.3,
        "up":0.7,
        "down":0.0
    },
    "a2 a1":{
        "right":0.2,
        "stay":0.34,
        "up":0.0,
        "down":0.46
    },
    "a2 a3":{
        "right":0.875,
        "stay":0.075,
        "up":0.0,
        "down":0.05
    },
    "a2 a4":{
        "right":0.6666666667,
        "stay":0.25,
        "up":0.0,
        "down":0.0833333333
    },
    "a2 a5":{
        "right":0.625,
        "stay":0.25,
        "up":0.0,
        "down":0.125
    },
    "a2 b1":{
        "right":0.0,
        "stay":0.6486486486,
        "up":0.3513513514,
        "down":0.0
    },
    "a2 b2":{
        "right":0.0,
        "stay":0.6,
        "up":0.4,
        "down":0.0
    },
    "a2 b3":{
        "right":0.0,
        "stay":0.1379310345,
        "up":0.8620689655,
        "down":0.0
    },
    "a2 b4":{
        "right":0.0,
        "stay":0.6666666667,
        "up":0.3333333333,
        "down":0.0
    },
    "a2 b5":{
        "right":0.0,
        "stay":0.3333333333,
        "up":0.6666666667,
        "down":0.0
    },
    "a3 a1":{
        "right":0.0806451613,
        "stay":0.7258064516,
        "up":0.0,
        "down":0.1935483871
    },
    "a3 a2":{
        "right":0.1640625,
        "stay":0.09375,
        "up":0.0,
        "down":0.7421875
    },
    "a3 a4":{
        "right":0.375,
        "stay":0.375,
        "up":0.0,
        "down":0.25
    },
    "a3 a5":{
        "right":0.7692307692,
        "stay":0.1538461538,
        "up":0.0,
        "down":0.0769230769
    },
    "a3 b1":{
        "right":0.0,
        "stay":0.6206896552,
        "up":0.3793103448,
        "down":0.0
    },
    "a3 b2":{
        "right":0.0,
        "stay":0.4375,
        "up":0.5625,
        "down":0.0
    },
    "a3 b3":{
        "right":0.0,
        "stay":0.5957446809,
        "up":0.4042553191,
        "down":0.0
    },
    "a3 b4":{
        "right":0.0,
        "stay":0.25,
        "up":0.75,
        "down":0.0
    },
    "a3 b5":{
        "right":0.0,
        "stay":0.6666666667,
        "up":0.3333333333,
        "down":0.0
    },
    "a4 a1":{
        "right":0.4528301887,
        "stay":0.4339622642,
        "up":0.0,
        "down":0.1132075472
    },
    "a4 a2":{
        "right":0.4736842105,
        "stay":0.2894736842,
        "up":0.0,
        "down":0.2368421053
    },
    "a4 a3":{
        "right":0.1815286624,
        "stay":0.1114649682,
        "up":0.0,
        "down":0.7070063694
    },
    "a4 a5":{
        "right":0.5714285714,
        "stay":0.3333333333,
        "up":0.0,
        "down":0.0952380952
    },
    "a4 b1":{
        "right":0.0,
        "stay":0.6666666667,
        "up":0.3333333333,
        "down":0.0
    },
    "a4 b2":{
        "right":0.0,
        "stay":0.2380952381,
        "up":0.7619047619,
        "down":0.0
    },
    "a4 b3":{
        "right":0.0,
        "stay":0.5585585586,
        "up":0.4414414414,
        "down":0.0
    },
    "a4 b4":{
        "right":0.0,
        "stay":0.25,
        "up":0.75,
        "down":0.0
    },
    "a4 b5":{
        "right":0.0,
        "stay":0.2222222222,
        "up":0.7777777778,
        "down":0.0
    },
    "a5 a1":{
        "right":0.3815789474,
        "stay":0.5263157895,
        "up":0.0,
        "down":0.0921052632
    },
    "a5 a2":{
        "right":0.8259259259,
        "stay":0.0444444444,
        "up":0.0,
        "down":0.1296296296
    },
    "a5 a3":{
        "right":0.5454545455,
        "stay":0.0909090909,
        "up":0.0,
        "down":0.3636363636
    },
    "a5 a4":{
        "right":0.3,
        "stay":0.1,
        "up":0.0,
        "down":0.6
    },
    "a5 b1":{
        "right":0.0,
        "stay":0.4305555556,
        "up":0.5694444444,
        "down":0.0
    },
    "a5 b3":{
        "right":0.0,
        "stay":0.3333333333,
        "up":0.6666666667,
        "down":0.0
    },
    "a5 b4":{
        "right":0.0,
        "stay":0.3333333333,
        "up":0.6666666667,
        "down":0.0
    },
    "a5 b5":{
        "right":0.0,
        "stay":0.9777777778,
        "up":0.0222222222,
        "down":0.0
    },
    "a6 a1":{
        "right":0.730952381,
        "stay":0.1285714286,
        "up":0.0,
        "down":0.1404761905
    },
    "a6 a2":{
        "right":0.914893617,
        "stay":0.0212765957,
        "up":0.0,
        "down":0.0638297872
    },
    "a6 a3":{
        "right":0.85,
        "stay":0.075,
        "up":0.0,
        "down":0.075
    },
    "a6 a4":{
        "right":0.6818181818,
        "stay":0.0303030303,
        "up":0.0,
        "down":0.2878787879
    },
    "a6 a5":{
        "right":0.2156862745,
        "stay":0.0392156863,
        "up":0.0,
        "down":0.7450980392
    },
    "a6 b1":{
        "right":0.0,
        "stay":0.8181818182,
        "up":0.1818181818,
        "down":0.0
    },
    "a6 b2":{
        "right":0.0,
        "stay":0.25,
        "up":0.75,
        "down":0.0
    },
    "a6 b3":{
        "right":0.0,
        "stay":0.25,
        "up":0.75,
        "down":0.0
    },
    "a6 b4":{
        "right":0.0,
        "stay":0.5813953488,
        "up":0.4186046512,
        "down":0.0
    },
    "a6 b5":{
        "right":0.0,
        "stay":0.6666666667,
        "up":0.3333333333,
        "down":0.0
    },
    "b2 a1":{
        "right":0.1428571429,
        "stay":0.7714285714,
        "up":0.0,
        "down":0.0857142857
    },
    "b2 a2":{
        "right":0.5,
        "stay":0.1428571429,
        "up":0.0,
        "down":0.3571428571
    },
    "b2 a3":{
        "right":0.6,
        "stay":0.3,
        "up":0.0,
        "down":0.1
    },
    "b2 a4":{
        "right":0.5,
        "stay":0.25,
        "up":0.0,
        "down":0.25
    },
    "b2 a5":{
        "right":0.25,
        "stay":0.25,
        "up":0.0,
        "down":0.5
    },
    "b2 b1":{
        "right":0.0,
        "stay":0.5142857143,
        "up":0.4857142857,
        "down":0.0
    },
    "b2 b5":{
        "right":0.0,
        "stay":0.6666666667,
        "up":0.3333333333,
        "down":0.0
    },
    "b3 a1":{
        "right":0.3333333333,
        "stay":0.5,
        "up":0.0,
        "down":0.1666666667
    },
    "b3 a2":{
        "right":0.8,
        "stay":0.0666666667,
        "up":0.0,
        "down":0.1333333333
    },
    "b3 a3":{
        "right":0.8275862069,
        "stay":0.0344827586,
        "up":0.0,
        "down":0.1379310345
    },
    "b3 a4":{
        "right":0.76,
        "stay":0.12,
        "up":0.0,
        "down":0.12
    },
    "b3 a5":{
        "right":0.4,
        "stay":0.2,
        "up":0.0,
        "down":0.4
    },
    "b3 b1":{
        "right":0.0,
        "stay":0.3333333333,
        "up":0.6666666667,
        "down":0.0
    },
    "b3 b2":{
        "right":0.0,
        "stay":0.0821917808,
        "up":0.9178082192,
        "down":0.0
    },
    "b3 b5":{
        "right":0.0,
        "stay":0.7142857143,
        "up":0.2857142857,
        "down":0.0
    },
    "b4 a1":{
        "right":0.3333333333,
        "stay":0.3333333333,