{
    "a1 a1":{
        "right":0.25,
        "stay":0.5,
        "up":0.0,
        "down":0.25
    },
    "a1 a2":{
        "right":0.75,
        "stay":0.125,
        "up":0.0,
        "down":0.125
    },
    "a1 a3":{
        "right":0.9259259259,
        "stay":0.037037037,
        "up":0.0,
        "down":0.037037037
    },
    "a1 a4":{
        "right":0.9428571429,
        "stay":0.0285714286,
        "up":0.0,
        "down":0.0285714286
    },
    "a1 a5":{
        "right":0.8372093023,
        "stay":0.0697674419,
        "up":0.0,
        "down":0.0930232558
    },
    "a1 b1":{
        "right":0.0,
        "stay":0.7692307692,
        "up":0.2307692308,
        "down":0.0
    },
    "a1 b2":{
        "right":0.0,
        "stay":0.2,
        "up":0.8,
        "down":0.0
    },
    "a1 b3":{
        "right":0.0,
        "stay":0.625,
        "up":0.375,
        "down":0.0
    },
    "a1 b5":{
        "right":0.0,
        "stay":0.4285714286,
        "up":0.5714285714,
        "down":0.0
    },
    "a2 a1":{
        "right":0.1739130435,
        "stay":0.6086956522,
        "up":0.0,
        "down":0.2173913043
    },
    "a2 a3":{
        "right":0.8333333333,
        "stay":0.0833333333,
        "up":0.0,
        "down":0.0833333333
    },
    "a2 a4":{
        "right":0.6666666667,
        "stay":0.1666666667,
        "up":0.0,
        "down":0.1666666667
    },
    "a2 a5":{
        "right":0.5,
        "stay":0.25,
        "up":0.0,
        "down":0.25
    },
    "a2 b1":{
        "right":0.0,
        "stay":0.5384615385,
        "up":0.4615384615,
        "down":0.0
    },
    "a2 b2":{
        "right":0.0,
        "stay":0.625,
        "up":0.375,
        "down":0.0
    },
    "a2 b3":{
        "right":0.0,
        "stay":0.2083333333,
        "up":0.7916666667,
        "down":0.0
    },
    "a2 b5":{
        "right":0.0,
        "stay":0.4,
        "up":0.6,
        "down":0.0
    },
    "a3 a1":{
        "right":0.2105263158,
        "stay":0.5789473684,
        "up":0.0,
        "down":0.2105263158
    },
    "a3 a2":{
        "right":0.2,
        "stay":0.2,
        "up":0.0,
        "down":0.6
    },
    "a3 a5":{
        "right":0.625,
        "stay":0.25,
        "up":0.0,
        "down":0.125
    },
    "a3 b1":{
        "right":0.0,
        "stay":0.625,
        "up":0.375,
        "down":0.0
    },
    "a3 b2":{
        "right":0.0,
        "stay":0.3846153846,
        "up":0.6153846154,
        "down":0.0
    },
    "a3 b3":{
        "right":0.0,
        "stay":0.6875,
        "up":0.3125,
        "down":0.0
    },
    "a3 b5":{
        "right":0.0,
        "stay":0.8,
        "up":0.2,
        "down":0.0
    },
    "a4 a1":{
        "right":0.3928571429,
        "stay":0.4642857143,
        "up":0.0,
        "down":0.1428571429
    },
    "a4 a2":{
        "right":0.5555555556,
        "stay":0.3333333333,
        "up":0.0,
        "down":0.1111111111
    },
    "a4 a3":{
        "right":0.1585365854,
        "stay":0.0243902439,
        "up":0.0,
        "down":0.8170731707
    },
    "a4 a5":{
        "right":0.3636363636,
        "stay":0.5454545455,
        "up":0.0,
        "down":0.0909090909
    },
    "a4 b1":{
        "right":0.0,
        "stay":0.6470588235,
        "up":0.3529411765,
        "down":0.0
    },
    "a4 b2":{
        "right":0.0,
        "stay":0.1538461538,
        "up":0.8461538462,
        "down":0.0
    },
    "a4 b3":{
        "right":0.0,
        "stay":0.4444444444,
        "up":0.5555555556,
        "down":0.0
    },
    "a4 b5":{
        "right":0.0,
        "stay":0.4,
        "up":0.6,
        "down":0.0
    },
    "a5 a1":{
        "right":0.2413793103,
        "stay":0.6206896552,
        "up":0.0,
        "down":0.1379310345
    },
    "a5 a2":{
        "right":0.8367346939,
        "stay":0.0408163265,
        "up":0.0,
        "down":0.1224489796
    },
    "a5 a3":{
        "right":0.5454545455,
        "stay":0.0909090909,
        "up":0.0,
        "down":0.3636363636
    },
    "a5 a4":{
        "right":0.3,
        "stay":0.1,
        "up":0.0,
        "down":0.6
    },
    "a5 a5":{
        "right":0.5,
        "stay":0.25,
        "up":0.0,
        "down":0.25
    },
    "a5 b1":{
        "right":0.0,
        "stay":0.4666666667,
        "up":0.5333333333,
        "down":0.0
    },
    "a5 b3":{
        "right":0.0,
        "stay":0.3333333333,
        "up":0.6666666667,
        "down":0.0
    },
    "a5 b4":{
        "right":0.0,
        "stay":0.3333333333,
        "up":0.6666666667,
        "down":0.0
    },
    "a5 b5":{
        "right":0.0,
        "stay":0.75,
        "up":0.25,
        "down":0.0
    },
    "a6 a1":{
        "right":0.6626506024,
        "stay":0.1626506024,
        "up":0.0,
        "down":0.1746987952
    },
    "a6 a2":{
        "right":0.8666666667,
        "stay":0.0666666667,
        "up":0.0,
        "down":0.0666666667
    },
    "a6 a3":{
        "right":0.7,
        "stay":0.1,
        "up":0.0,
        "down":0.2
    },
    "a6 a4":{
        "right":0.6,
        "stay":0.1,
        "up":0.0,
        "down":0.3
    },
    "a6 a5":{
        "right":0.25,
        "stay":0.125,
        "up":0.0,
        "down":0.625
    },
    "a6 b1":{
        "right":0.0,
        "stay":0.85,
        "up":0.15,
        "down":0.0
    },
    "a6 b3":{
        "right":0.0,
        "stay":0.3333333333,
        "up":0.6666666667,
        "down":0.0
    },
    "a6 b4":{
        "right":0.0,
        "stay":0.3333333333,
        "up":0.6666666667,
        "down":0.0
    },
    "a6 b5":{
        "right":0.0,
        "stay":0.25,
        "up":0.75,
        "down":0.0
    },
    "b2 a1":{
        "right":0.1666666667,
        "stay":0.6666666667,
        "up":0.0,
        "down":0.1666666667
    },
    "b2 a2":{
        "right":0.6,
        "stay":0.2,
        "up":0.0,
        "down":0.2
    },
    "b2 a3":{
        "right":0.6666666667,
        "stay":0.1666666667,
        "up":0.0,
        "down":0.1666666667
    },
    "b2 a4":{
        "right":0.5,
        "stay":0.25,
        "up":0.0,
        "down":0.25
    },
    "b2 a5":{
        "right":0.25,
        "stay":0.25,
        "up":0.0,
        "down":0.5
    },
    "b2 b1":{
        "right":0.0,
        "stay":0.7894736842,
        "up":0.2105263158,
        "down":0.0
    },
    "b2 b5":{
        "right":0.0,
        "stay":0.6666666667,
        "up":0.3333333333,
        "down":0.0
    },
    "b3 a1":{
        "right":0.3333333333,
        "stay":0.5,
        "up":0.0,
        "down":0.1666666667
    },
    "b3 a2":{
        "right":0.7142857143,
        "stay":0.1428571429,
        "up":0.0,
        "down":0.1428571429
    },
    "b3 a3":{
        "right":0.6666666667,
        "stay":0.1666666667,
        "up":0.0,
        "down":0.1666666667
    },
    "b3 a4":{
        "right":0.6666666667,
        "stay":0.1666666667,
        "up":0.0,
        "down":0.1666666667
    },
    "b3 a5":{
        "right":0.25,
        "stay":0.25,
        "up":0.0,
        "down":0.5
    },
    "b3 b1":{
        "right":0.0,
        "stay":0.3333333333,
        "up":0.6666666667,
        "down":0.0
    },
    "b3 b2":{
        "right":0.0,
        "stay":0.25,
        "up":0.75,
        "down":0.0
    },
    "b3 b5":{
        "right":0.0,
        "stay":0.7142857143,
        "up":0.2857142857,
        "down":0.0
    },
    "b4 a1":{
        "right":0.3333333333,
        "stay":0.3333333333,
        "up":0.0,
        "down":0.3333333333
    },
    "b4 a2":{
        "right":0.6,
        "stay":0.2,
        "up":0.0,
        "down":0.2
    },
    "b4 a3":{
        "right":0.8125,
        "stay":0.09375,
        "up":0.0,
        "down":0.09375
    },
    "b4 a4":{
        "right":0.8823529412,
        "stay":0.0882352941,
        "up":0.0,
        "down":0.0294117647
    },
    "b4 a5":{
        "right":0.7941176471,
        "stay":0.1470588235,
        "up":0.0,
        "down":0.0588235294
    },
    "b4 b1":{
        "right":0.0,