{
    "a1 a2":{
        "right":0.8863636364,
        "stay":0.0454545455,
        "up":0.0,
        "down":0.0681818182
    },
    "a1 a3":{
        "right":0.8369565217,
        "stay":0.0869565217,
        "up":0.0,
        "down":0.0760869565
    },
    "a1 a4":{
        "right":0.9527559055,
        "stay":0.0236220472,
        "up":0.0,
        "down":0.0236220472
    },
    "a1 a5":{
        "right":0.9107142857,
        "stay":0.0535714286,
        "up":0.0,
        "down":0.0357142857
    },
    "a1 b1":{
        "right":0.0,
        "stay":0.7540983607,
        "up":0.2459016393,
        "down":0.0
    },
    "a1 b2":{
        "right":0.0,
        "stay":0.1153846154,
        "up":0.8846153846,
        "down":0.0
    },
    "a1 b3":{
        "right":0.0,
        "stay":0.4375,
        "up":0.5625,
        "down":0.0
    },
    "a1 b4":{
        "right":0.0,
        "stay":0.4285714286,
        "up":0.5714285714,
        "down":0.0
    },
    "a1 b5":{
        "right":0.0,
        "stay":0.2857142857,
        "up":0.7142857143,
        "down":0.0
    },
    "a2 a1":{
        "right":0.1886792453,
        "stay":0.320754717,
        "up":0.0,
        "down":0.4905660377
    },
    "a2 a3":{
        "right":0.8829787234,
        "stay":0.0531914894,
        "up":0.0,
        "down":0.0638297872
    },
    "a2 a4":{
        "right":0.6428571429,
        "stay":0.2857142857,
        "up":0.0,
        "down":0.0714285714
    },
    "a2 a5":{
        "right":0.847826087,
        "stay":0.1086956522,
        "up":0.0,
        "down":0.0434782609
    },
    "a2 b1":{
        "right":0.0,
        "stay":0.6585365854,
        "up":0.3414634146,
        "down":0.0
    },
    "a2 b2":{
        "right":0.0,
        "stay":0.525,
        "up":0.475,
        "down":0.0
    },
    "a2 b3":{
        "right":0.0,
        "stay":0.0990990991,
        "up":0.9009009009,
        "down":0.0
    },
    "a2 b4":{
        "right":0.0,
        "stay":0.4285714286,
        "up":0.5714285714,
        "down":0.0
    },
    "a2 b5":{
        "right":0.0,
        "stay":0.2857142857,
        "up":0.7142857143,
        "down":0.0
    },
    "a3 a1":{
        "right":0.0909090909,
        "stay":0.7142857143,
        "up":0.0,
        "down":0.1948051948
    },
    "a3 a2":{
        "right":0.1469387755,
        "stay":0.1102040816,
        "up":0.0,
        "down":0.7428571429
    },
    "a3 a4":{
        "right":0.7727272727,
        "stay":0.1136363636,
        "up":0.0,
        "down":0.1136363636
    },
    "a3 a5":{
        "right":0.7407407407,
        "stay":0.1851851852,
        "up":0.0,
        "down":0.0740740741
    },
    "a3 b1":{
        "right":0.0,
        "stay":0.7142857143,
        "up":0.2857142857,
        "down":0.0
    },
    "a3 b2":{
        "right":0.0,
        "stay":0.6145833333,
        "up":0.3854166667,
        "down":0.0
    },
    "a3 b3":{
        "right":0.0,
        "stay":0.5505050505,
        "up":0.4494949495,
        "down":0.0
    },
    "a3 b4":{
        "right":0.0,
        "stay":0.4,
        "up":0.6,
        "down":0.0
    },
    "a3 b5":{
        "right":0.0,
        "stay":0.4444444444,
        "up":0.5555555556,
        "down":0.0
    },
    "a4 a1":{
        "right":0.5432098765,
        "stay":0.2962962963,
        "up":0.0,
        "down":0.1604938272
    },
    "a4 a2":{
        "right":0.1481481481,
        "stay":0.7901234568,
        "up":0.0,
        "down":0.0617283951
    },
    "a4 a3":{
        "right":0.173828125,
        "stay":0.087890625,
        "up":0.0,
        "down":0.73828125
    },
    "a4 a5":{
        "right":0.8333333333,
        "stay":0.1025641026,
        "up":0.0,
        "down":0.0641025641
    },
    "a4 b1":{
        "right":0.0,
        "stay":0.8243243243,
        "up":0.1756756757,
        "down":0.0
    },
    "a4 b2":{
        "right":0.0,
        "stay":0.25,
        "up":0.75,
        "down":0.0
    },
    "a4 b3":{
        "right":0.0,
        "stay":0.5585585586,
        "up":0.4414414414,
        "down":0.0
    },
    "a4 b4":{
        "right":0.0,
        "stay":0.25,
        "up":0.75,
        "down":0.0
    },
    "a4 b5":{
        "right":0.0,
        "stay":0.2222222222,
        "up":0.7777777778,
        "down":0.0
    },
    "a5 a1":{
        "right":0.1281464531,
        "stay":0.8443935927,
        "up":0.0,
        "down":0.0274599542
    },
    "a5 a2":{
        "right":0.8188976378,
        "stay":0.0393700787,
        "up":0.0,
        "down":0.1417322835
    },
    "a5 a3":{
        "right":0.5454545455,
        "stay":0.0909090909,
        "up":0.0,
        "down":0.3636363636
    },
    "a5 a4":{
        "right":0.3,
        "stay":0.1,
        "up":0.0,
        "down":0.6
    },
    "a5 b1":{
        "right":0.0,
        "stay":0.3982300885,
        "up":0.6017699115,
        "down":0.0
    },
    "a5 b3":{
        "right":0.0,
        "stay":0.3333333333,
        "up":0.6666666667,
        "down":0.0
    },
    "a5 b4":{
        "right":0.0,
        "stay":0.3333333333,
        "up":0.6666666667,
        "down":0.0
    },
    "a5 b5":{
        "right":0.0,
        "stay":0.9777777778,
        "up":0.0222222222,
        "down":0.0
    },
    "a6 a1":{
        "right":0.7489177489,
        "stay":0.1183261183,
        "up":0.0,
        "down":0.1327561328
    },
    "a6 a2":{
        "right":0.914893617,
        "stay":0.0212765957,
        "up":0.0,
        "down":0.0638297872
    },
    "a6 a3":{
        "right":0.85,
        "stay":0.075,
        "up":0.0,
        "down":0.075
    },
    "a6 a4":{
        "right":0.6818181818,
        "stay":0.0303030303,
        "up":0.0,
        "down":0.2878787879
    },
    "a6 a5":{
        "right":0.2156862745,
        "stay":0.0392156863,
        "up":0.0,
        "down":0.7450980392
    },
    "a6 b1":{
        "right":0.0,
        "stay":0.8181818182,
        "up":0.1818181818,
        "down":0.0
    },
    "a6 b2":{
        "right":0.0,
        "stay":0.25,
        "up":0.75,
        "down":0.0
    },
    "a6 b3":{
        "right":0.0,
        "stay":0.25,
        "up":0.75,
        "down":0.0
    },
    "a6 b4":{
        "right":0.0,
        "stay":0.5813953488,
        "up":0.4186046512,
        "down":0.0
    },
    "a6 b5":{
        "right":0.0,
        "stay":0.6666666667,
        "up":0.3333333333,
        "down":0.0
    },
    "b2 a1":{
        "right":0.1538461538,
        "stay":0.7692307692,
        "up":0.0,
        "down":0.0769230769
    },
    "b2 a2":{
        "right":0.5333333333,
        "stay":0.1333333333,
        "up":0.0,
        "down":0.3333333333
    },
    "b2 a3":{
        "right":0.6,
        "stay":0.3,
        "up":0.0,
        "down":0.1
    },
    "b2 a4":{
        "right":0.5,
        "stay":0.25,
        "up":0.0,
        "down":0.25
    },
    "b2 a5":{
        "right":0.25,
        "stay":0.25,
        "up":0.0,
        "down":0.5
    },
    "b2 b1":{
        "right":0.0,
        "stay":0.2692307692,
        "up":0.7307692308,
        "down":0.0
    },
    "b2 b5":{
        "right":0.0,
        "stay":0.6666666667,
        "up":0.3333333333,
        "down":0.0
    },
    "b3 a1":{
        "right":0.25,
        "stay":0.625,
        "up":0.0,
        "down":0.125
    },
    "b3 a2":{
        "right":0.7608695652,
        "stay":0.1086956522,
        "up":0.0,
        "down":0.1304347826
    },
    "b3 a3":{
        "right":0.8769230769,
        "stay":0.0615384615,
        "up":0.0,
        "down":0.0615384615
    },
    "b3 a4":{
        "right":0.7916666667,
        "stay":0.0833333333,
        "up":0.0,
        "down":0.125
    },
    "b3 a5":{
        "right":0.4,
        "stay":0.2,
        "up":0.0,
        "down":0.4
    },
    "b3 b1":{
        "right":0.0,
        "stay":0.6666666667,
        "up":0.3333333333,
        "down":0.0
    },
    "b3 b2":{
        "right":0.0,
        "stay":0.125,
        "up":0.875,
        "down":0.0
    },
    "b3 b5":{
        "right":0.0,