{
    "a1 a2":{
        "right":0.75,
        "stay":0.125,
        "up":0.0,
        "down":0.125
    },
    "a1 a3":{
        "right":0.9444444444,
        "stay":0.0277777778,
        "up":0.0,
        "down":0.0277777778
    },
    "a1 a4":{
        "right":0.9636363636,
        "stay":0.0181818182,
        "up":0.0,
        "down":0.0181818182
    },
    "a1 a5":{
        "right":0.8955223881,
        "stay":0.0447761194,
        "up":0.0,
        "down":0.0597014925
    },
    "a1 b1":{
        "right":0.0,
        "stay":0.7692307692,
        "up":0.2307692308,
        "down":0.0
    },
    "a1 b2":{
        "right":0.0,
        "stay":0.2,
        "up":0.8,
        "down":0.0
    },
    "a1 b3":{
        "right":0.0,
        "stay":0.625,
        "up":0.375,
        "down":0.0
    },
    "a1 b5":{
        "right":0.0,
        "stay":0.4285714286,
        "up":0.5714285714,
        "down":0.0
    },
    "a2 a1":{
        "right":0.1739130435,
        "stay":0.6086956522,
        "up":0.0,
        "down":0.2173913043
    },
    "a2 a3":{
        "right":0.9130434783,
        "stay":0.0434782609,
        "up":0.0,
        "down":0.0434782609
    },
    "a2 a4":{
        "right":0.5714285714,
        "stay":0.2857142857,
        "up":0.0,
        "down":0.1428571429
    },
    "a2 a5":{
        "right":0.6666666667,
        "stay":0.1666666667,
        "up":0.0,
        "down":0.1666666667
    },
    "a2 b1":{
        "right":0.0,
        "stay":0.5384615385,
        "up":0.4615384615,
        "down":0.0
    },
    "a2 b2":{
        "right":0.0,
        "stay":0.625,
        "up":0.375,
        "down":0.0
    },
    "a2 b3":{
        "right":0.0,
        "stay":0.1515151515,
        "up":0.8484848485,
        "down":0.0
    },
    "a2 b5":{
        "right":0.0,
        "stay":0.4,
        "up":0.6,
        "down":0.0
    },
    "a3 a1":{
        "right":0.2105263158,
        "stay":0.5789473684,
        "up":0.0,
        "down":0.2105263158
    },
    "a3 a2":{
        "right":0.2,
        "stay":0.2,
        "up":0.0,
        "down":0.6
    },
    "a3 a4":{
        "right":0.4,
        "stay":0.4,
        "up":0.0,
        "down":0.2
    },
    "a3 a5":{
        "right":0.625,
        "stay":0.25,
        "up":0.0,
        "down":0.125
    },
    "a3 b1":{
        "right":0.0,
        "stay":0.625,
        "up":0.375,
        "down":0.0
    },
    "a3 b2":{
        "right":0.0,
        "stay":0.3846153846,
        "up":0.6153846154,
        "down":0.0
    },
    "a3 b3":{
        "right":0.0,
        "stay":0.5740740741,
        "up":0.4259259259,
        "down":0.0
    },
    "a3 b5":{
        "right":0.0,
        "stay":0.6666666667,
        "up":0.3333333333,
        "down":0.0
    },
    "a4 a1":{
        "right":0.3928571429,
        "stay":0.4642857143,
        "up":0.0,
        "down":0.1428571429
    },
    "a4 a2":{
        "right":0.6,
        "stay":0.3,
        "up":0.0,
        "down":0.1
    },
    "a4 a3":{
        "right":0.1636363636,
        "stay":0.0272727273,
        "up":0.0,
        "down":0.8090909091
    },
    "a4 a5":{
        "right":0.5555555556,
        "stay":0.3333333333,
        "up":0.0,
        "down":0.1111111111
    },
    "a4 b1":{
        "right":0.0,
        "stay":0.6470588235,
        "up":0.3529411765,
        "down":0.0
    },
    "a4 b2":{
        "right":0.0,
        "stay":0.15,
        "up":0.85,
        "down":0.0
    },
    "a4 b3":{
        "right":0.0,
        "stay":0.4444444444,
        "up":0.5555555556,
        "down":0.0
    },
    "a4 b4":{
        "right":0.0,
        "stay":0.25,
        "up":0.75,
        "down":0.0
    },
    "a4 b5":{
        "right":0.0,
        "stay":0.4,
        "up":0.6,
        "down":0.0
    },
    "a5 a1":{
        "right":0.3636363636,
        "stay":0.5272727273,
        "up":0.0,
        "down":0.1090909091
    },
    "a5 a2":{
        "right":0.8088235294,
        "stay":0.0588235294,
        "up":0.0,
        "down":0.1323529412
    },
    "a5 a3":{
        "right":0.5454545455,
        "stay":0.0909090909,
        "up":0.0,
        "down":0.3636363636
    },
    "a5 a4":{
        "right":0.3,
        "stay":0.1,
        "up":0.0,
        "down":0.6
    },
    "a5 b1":{
        "right":0.0,
        "stay":0.4901960784,
        "up":0.5098039216,
        "down":0.0
    },
    "a5 b3":{
        "right":0.0,
        "stay":0.3333333333,
        "up":0.6666666667,
        "down":0.0
    },
    "a5 b4":{
        "right":0.0,
        "stay":0.3333333333,
        "up":0.6666666667,
        "down":0.0
    },
    "a5 b5":{
        "right":0.0,
        "stay":0.75,
        "up":0.25,
        "down":0.0
    },
    "a6 a1":{
        "right":0.6585365854,
        "stay":0.156097561,
        "up":0.0,
        "down":0.1853658537
    },
    "a6 a2":{
        "right":0.8666666667,
        "stay":0.0666666667,
        "up":0.0,
        "down":0.0666666667
    },
    "a6 a3":{
        "right":0.7,
        "stay":0.1,
        "up":0.0,
        "down":0.2
    },
    "a6 a4":{
        "right":0.6,
        "stay":0.1,
        "up":0.0,
        "down":0.3
    },
    "a6 a5":{
        "right":0.25,
        "stay":0.125,
        "up":0.0,
        "down":0.625
    },
    "a6 b1":{
        "right":0.0,
        "stay":0.85,
        "up":0.15,
        "down":0.0
    },
    "a6 b3":{
        "right":0.0,
        "stay":0.3333333333,
        "up":0.6666666667,
        "down":0.0
    },
    "a6 b4":{
        "right":0.0,
        "stay":0.3333333333,
        "up":0.6666666667,
        "down":0.0
    },
    "a6 b5":{
        "right":0.0,
        "stay":0.25,
        "up":0.75,
        "down":0.0
    },
    "b2 a1":{
        "right":0.1666666667,
        "stay":0.6666666667,
        "up":0.0,
        "down":0.1666666667
    },
    "b2 a2":{
        "right":0.6,
        "stay":0.2,
        "up":0.0,
        "down":0.2
    },
    "b2 a3":{
        "right":0.6666666667,
        "stay":0.1666666667,
        "up":0.0,
        "down":0.1666666667
    },
    "b2 a4":{
        "right":0.5,
        "stay":0.25,
        "up":0.0,
        "down":0.25
    },
    "b2 a5":{
        "right":0.25,
        "stay":0.25,
        "up":0.0,
        "down":0.5
    },
    "b2 b1":{
        "right":0.0,
        "stay":0.7894736842,
        "up":0.2105263158,
        "down":0.0
    },
    "b2 b5":{
        "right":0.0,
        "stay":0.6666666667,
        "up":0.3333333333,
        "down":0.0
    },
    "b3 a1":{
        "right":0.3333333333,
        "stay":0.5,
        "up":0.0,
        "down":0.1666666667
    },
    "b3 a2":{
        "right":0.7142857143,
        "stay":0.1428571429,
        "up":0.0,
        "down":0.1428571429
    },
    "b3 a3":{
        "right":0.6666666667,
        "stay":0.1666666667,
        "up":0.0,
        "down":0.1666666667
    },
    "b3 a4":{
        "right":0.6666666667,
        "stay":0.1666666667,
        "up":0.0,
        "down":0.1666666667
    },
    "b3 a5":{
        "right":0.25,
        "stay":0.25,
        "up":0.0,
        "down":0.5
    },
    "b3 b1":{
        "right":0.0,
        "stay":0.3333333333,
        "up":0.6666666667,
        "down":0.0
    },
    "b3 b2":{
        "right":0.0,
        "stay":0.25,
        "up":0.75,
        "down":0.0
    },
    "b3 b5":{
        "right":0.0,
        "stay":0.7142857143,
        "up":0.2857142857,
        "down":0.0
    },
    "b4 a1":{
        "right":0.3333333333,
        "stay":0.3333333333,
        "up":0.0,
        "down":0.3333333333
    },
    "b4 a2":{
        "right":0.1153846154,
        "stay":0.8653846154,
        "up":0.0,
        "down":0.0192307692
    },
    "b4 a3":{
        "right":0.679245283,
        "stay":0.1509433962,
        "up":0.0,
        "down":0.1698113208
    },
    "b4 a4":{
        "right":0.8409090909,
        "stay":0.0909090909,
        "up":0.0,
        "down":0.0681818182
    },
    "b4 a5":{
        "right":0.7941176471,
        "stay":0.1470588235,
        "up":0.0,