{
    "a1 a2":{
        "right":0.75,
        "stay":0.125,
        "up":0.0,
        "down":0.125
    },
    "a1 a3":{
        "right":0.8039215686,
        "stay":0.137254902,
        "up":0.0,
        "down":0.0588235294
    },
    "a1 a4":{
        "right":0.9677419355,
        "stay":0.0161290323,
        "up":0.0,
        "down":0.0161290323
    },
    "a1 a5":{
        "right":0.8255813953,
        "stay":0.1046511628,
        "up":0.0,
        "down":0.0697674419
    },
    "a1 b1":{
        "right":0.0,
        "stay":0.7692307692,
        "up":0.2307692308,
        "down":0.0
    },
    "a1 b2":{
        "right":0.0,
        "stay":0.2,
        "up":0.8,
        "down":0.0
    },
    "a1 b3":{
        "right":0.0,
        "stay":0.5,
        "up":0.5,
        "down":0.0
    },
    "a1 b5":{
        "right":0.0,
        "stay":0.3333333333,
        "up":0.6666666667,
        "down":0.0
    },
    "a2 a1":{
        "right":0.25,
        "stay":0.5357142857,
        "up":0.0,
        "down":0.2142857143
    },
    "a2 a3":{
        "right":0.84,
        "stay":0.08,
        "up":0.0,
        "down":0.08
    },
    "a2 a4":{
        "right":0.6666666667,
        "stay":0.2222222222,
        "up":0.0,
        "down":0.1111111111
    },
    "a2 a5":{
        "right":0.5714285714,
        "stay":0.2857142857,
        "up":0.0,
        "down":0.1428571429
    },
    "a2 b1":{
        "right":0.0,
        "stay":0.6363636364,
        "up":0.3636363636,
        "down":0.0
    },
    "a2 b2":{
        "right":0.0,
        "stay":0.625,
        "up":0.375,
        "down":0.0
    },
    "a2 b3":{
        "right":0.0,
        "stay":0.1315789474,
        "up":0.8684210526,
        "down":0.0
    },
    "a2 b5":{
        "right":0.0,
        "stay":0.3333333333,
        "up":0.6666666667,
        "down":0.0
    },
    "a3 a1":{
        "right":0.0952380952,
        "stay":0.7142857143,
        "up":0.0,
        "down":0.1904761905
    },
    "a3 a2":{
        "right":0.1176470588,
        "stay":0.1176470588,
        "up":0.0,
        "down":0.7647058824
    },
    "a3 a4":{
        "right":0.4,
        "stay":0.4,
        "up":0.0,
        "down":0.2
    },
    "a3 a5":{
        "right":0.7058823529,
        "stay":0.1764705882,
        "up":0.0,
        "down":0.1176470588
    },
    "a3 b1":{
        "right":0.0,
        "stay":0.65,
        "up":0.35,
        "down":0.0
    },
    "a3 b2":{
        "right":0.0,
        "stay":0.4347826087,
        "up":0.5652173913,
        "down":0.0
    },
    "a3 b3":{
        "right":0.0,
        "stay":0.6101694915,
        "up":0.3898305085,
        "down":0.0
    },
    "a3 b4":{
        "right":0.0,
        "stay":0.3333333333,
        "up":0.6666666667,
        "down":0.0
    },
    "a3 b5":{
        "right":0.0,
        "stay":0.6666666667,
        "up":0.3333333333,
        "down":0.0
    },
    "a4 a1":{
        "right":0.4210526316,
        "stay":0.4736842105,
        "up":0.0,
        "down":0.1052631579
    },
    "a4 a2":{
        "right":0.5833333333,
        "stay":0.2916666667,
        "up":0.0,
        "down":0.125
    },
    "a4 a3":{
        "right":0.22,
        "stay":0.07,
        "up":0.0,
        "down":0.71
    },
    "a4 a5":{
        "right":0.5263157895,
        "stay":0.3684210526,
        "up":0.0,
        "down":0.1052631579
    },
    "a4 b1":{
        "right":0.0,
        "stay":0.6470588235,
        "up":0.3529411765,
        "down":0.0
    },
    "a4 b2":{
        "right":0.0,
        "stay":0.1923076923,
        "up":0.8076923077,
        "down":0.0
    },
    "a4 b3":{
        "right":0.0,
        "stay":0.5890410959,
        "up":0.4109589041,
        "down":0.0
    },
    "a4 b4":{
        "right":0.0,
        "stay":0.25,
        "up":0.75,
        "down":0.0
    },
    "a4 b5":{
        "right":0.0,
        "stay":0.3333333333,
        "up":0.6666666667,
        "down":0.0
    },
    "a5 a1":{
        "right":0.3650793651,
        "stay":0.5396825397,
        "up":0.0,
        "down":0.0952380952
    },
    "a5 a2":{
        "right":0.8333333333,
        "stay":0.0430107527,
        "up":0.0,
        "down":0.123655914
    },
    "a5 a3":{
        "right":0.5454545455,
        "stay":0.0909090909,
        "up":0.0,
        "down":0.3636363636
    },
    "a5 a4":{
        "right":0.3,
        "stay":0.1,
        "up":0.0,
        "down":0.6
    },
    "a5 b1":{
        "right":0.0,
        "stay":0.4464285714,
        "up":0.5535714286,
        "down":0.0
    },
    "a5 b3":{
        "right":0.0,
        "stay":0.3333333333,
        "up":0.6666666667,
        "down":0.0
    },
    "a5 b4":{
        "right":0.0,
        "stay":0.3333333333,
        "up":0.6666666667,
        "down":0.0
    },
    "a5 b5":{
        "right":0.0,
        "stay":0.9775280899,
        "up":0.0224719101,
        "down":0.0
    },
    "a6 a1":{
        "right":0.6909090909,
        "stay":0.1490909091,
        "up":0.0,
        "down":0.16
    },
    "a6 a2":{
        "right":0.8260869565,
        "stay":0.0434782609,
        "up":0.0,
        "down":0.1304347826
    },
    "a6 a3":{
        "right":0.8125,
        "stay":0.0625,
        "up":0.0,
        "down":0.125
    },
    "a6 a4":{
        "right":0.6875,
        "stay":0.0625,
        "up":0.0,
        "down":0.25
    },
    "a6 a5":{
        "right":0.3571428571,
        "stay":0.0714285714,
        "up":0.0,
        "down":0.5714285714
    },
    "a6 b1":{
        "right":0.0,
        "stay":0.8095238095,
        "up":0.1904761905,
        "down":0.0
    },
    "a6 b2":{
        "right":0.0,
        "stay":0.25,
        "up":0.75,
        "down":0.0
    },
    "a6 b3":{
        "right":0.0,
        "stay":0.3333333333,
        "up":0.6666666667,
        "down":0.0
    },
    "a6 b4":{
        "right":0.0,
        "stay":0.25,
        "up":0.75,
        "down":0.0
    },
    "a6 b5":{
        "right":0.0,
        "stay":0.5714285714,
        "up":0.4285714286,
        "down":0.0
    },
    "b2 a1":{
        "right":0.1666666667,
        "stay":0.6666666667,
        "up":0.0,
        "down":0.1666666667
    },
    "b2 a2":{
        "right":0.6666666667,
        "stay":0.2222222222,
        "up":0.0,
        "down":0.1111111111
    },
    "b2 a3":{
        "right":0.5555555556,
        "stay":0.3333333333,
        "up":0.0,
        "down":0.1111111111
    },
    "b2 a4":{
        "right":0.5,
        "stay":0.25,
        "up":0.0,
        "down":0.25
    },
    "b2 a5":{
        "right":0.25,
        "stay":0.25,
        "up":0.0,
        "down":0.5
    },
    "b2 b1":{
        "right":0.0,
        "stay":0.75,
        "up":0.25,
        "down":0.0
    },
    "b2 b5":{
        "right":0.0,
        "stay":0.6666666667,
        "up":0.3333333333,
        "down":0.0
    },
    "b3 a1":{
        "right":0.3333333333,
        "stay":0.5,
        "up":0.0,
        "down":0.1666666667
    },
    "b3 a2":{
        "right":0.75,
        "stay":0.0833333333,
        "up":0.0,
        "down":0.1666666667
    },
    "b3 a3":{
        "right":0.8,
        "stay":0.0666666667,
        "up":0.0,
        "down":0.1333333333
    },
    "b3 a4":{
        "right":0.7857142857,
        "stay":0.0714285714,
        "up":0.0,
        "down":0.1428571429
    },
    "b3 a5":{
        "right":0.25,
        "stay":0.25,
        "up":0.0,
        "down":0.5
    },
    "b3 b1":{
        "right":0.0,
        "stay":0.3333333333,
        "up":0.6666666667,
        "down":0.0
    },
    "b3 b2":{
        "right":0.0,
        "stay":0.0377358491,
        "up":0.9622641509,
        "down":0.0
    },
    "b3 b5":{
        "right":0.0,
        "stay":0.7142857143,
        "up":0.2857142857,
        "down":0.0
    },
    "b4 a1":{
        "right":0.3333333333,
        "stay":0.3333333333,
        "up":0.0,
        "down":0.3333333333
    },
    "b4 a2":{
        "right":0.1153846154,
        "stay":0.8653846154,
        "up":0.0,
        "down":0.0192307692
    },