{
    "a1 a2":{
        "right":0.75,
        "stay":0.1666666667,
        "up":0.0,
        "down":0.0833333333
    },
    "a1 a3":{
        "right":0.8125,
        "stay":0.125,
        "up":0.0,
        "down":0.0625
    },
    "a1 a4":{
        "right":0.9743589744,
        "stay":0.0128205128,
        "up":0.0,
        "down":0.0128205128
    },
    "a1 a5":{
        "right":0.8476190476,
        "stay":0.0857142857,
        "up":0.0,
        "down":0.0666666667
    },
    "a1 b1":{
        "right":0.0,
        "stay":0.7575757576,
        "up":0.2424242424,
        "down":0.0
    },
    "a1 b2":{
        "right":0.0,
        "stay":0.25,
        "up":0.75,
        "down":0.0
    },
    "a1 b3":{
        "right":0.0,
        "stay":0.5882352941,
        "up":0.4117647059,
        "down":0.0
    },
    "a1 b5":{
        "right":0.0,
        "stay":0.3,
        "up":0.7,
        "down":0.0
    },
    "a2 a1":{
        "right":0.1914893617,
        "stay":0.3404255319,
        "up":0.0,
        "down":0.4680851064
    },
    "a2 a3":{
        "right":0.8387096774,
        "stay":0.0967741935,
        "up":0.0,
        "down":0.064516129
    },
    "a2 a4":{
        "right":0.7272727273,
        "stay":0.1818181818,
        "up":0.0,
        "down":0.0909090909
    },
    "a2 a5":{
        "right":0.625,
        "stay":0.25,
        "up":0.0,
        "down":0.125
    },
    "a2 b1":{
        "right":0.0,
        "stay":0.6,
        "up":0.4,
        "down":0.0
    },
    "a2 b2":{
        "right":0.0,
        "stay":0.6363636364,
        "up":0.3636363636,
        "down":0.0
    },
    "a2 b3":{
        "right":0.0,
        "stay":0.1111111111,
        "up":0.8888888889,
        "down":0.0
    },
    "a2 b5":{
        "right":0.0,
        "stay":0.3333333333,
        "up":0.6666666667,
        "down":0.0
    },
    "a3 a1":{
        "right":0.08,
        "stay":0.7,
        "up":0.0,
        "down":0.22
    },
    "a3 a2":{
        "right":0.1238095238,
        "stay":0.1142857143,
        "up":0.0,
        "down":0.7619047619
    },
    "a3 a4":{
        "right":0.4,
        "stay":0.4,
        "up":0.0,
        "down":0.2
    },
    "a3 a5":{
        "right":0.7272727273,
        "stay":0.1818181818,
        "up":0.0,
        "down":0.0909090909
    },
    "a3 b1":{
        "right":0.0,
        "stay":0.625,
        "up":0.375,
        "down":0.0
    },
    "a3 b2":{
        "right":0.0,
        "stay":0.4285714286,
        "up":0.5714285714,
        "down":0.0
    },
    "a3 b3":{
        "right":0.0,
        "stay":0.5972222222,
        "up":0.4027777778,
        "down":0.0
    },
    "a3 b4":{
        "right":0.0,
        "stay":0.25,
        "up":0.75,
        "down":0.0
    },
    "a3 b5":{
        "right":0.0,
        "stay":0.6666666667,
        "up":0.3333333333,
        "down":0.0
    },
    "a4 a1":{
        "right":0.4186046512,
        "stay":0.488372093,
        "up":0.0,
        "down":0.0930232558
    },
    "a4 a2":{
        "right":0.5517241379,
        "stay":0.275862069,
        "up":0.0,
        "down":0.1724137931
    },
    "a4 a3":{
        "right":0.2081632653,
        "stay":0.0857142857,
        "up":0.0,
        "down":0.706122449
    },
    "a4 a5":{
        "right":0.5263157895,
        "stay":0.3684210526,
        "up":0.0,
        "down":0.1052631579
    },
    "a4 b1":{
        "right":0.0,
        "stay":0.6315789474,
        "up":0.3684210526,
        "down":0.0
    },
    "a4 b2":{
        "right":0.0,
        "stay":0.2352941176,
        "up":0.7647058824,
        "down":0.0
    },
    "a4 b3":{
        "right":0.0,
        "stay":0.595505618,
        "up":0.404494382,
        "down":0.0
    },
    "a4 b4":{
        "right":0.0,
        "stay":0.25,
        "up":0.75,
        "down":0.0
    },
    "a4 b5":{
        "right":0.0,
        "stay":0.2857142857,
        "up":0.7142857143,
        "down":0.0
    },
    "a5 a1":{
        "right":0.3623188406,
        "stay":0.5362318841,
        "up":0.0,
        "down":0.1014492754
    },
    "a5 a2":{
        "right":0.8214285714,
        "stay":0.0446428571,
        "up":0.0,
        "down":0.1339285714
    },
    "a5 a3":{
        "right":0.5454545455,
        "stay":0.0909090909,
        "up":0.0,
        "down":0.3636363636
    },
    "a5 a4":{
        "right":0.3,
        "stay":0.1,
        "up":0.0,
        "down":0.6
    },
    "a5 b1":{
        "right":0.0,
        "stay":0.4406779661,
        "up":0.5593220339,
        "down":0.0
    },
    "a5 b3":{
        "right":0.0,
        "stay":0.3333333333,
        "up":0.6666666667,
        "down":0.0
    },
    "a5 b4":{
        "right":0.0,
        "stay":0.3333333333,
        "up":0.6666666667,
        "down":0.0
    },
    "a5 b5":{
        "right":0.0,
        "stay":0.9775280899,
        "up":0.0224719101,
        "down":0.0
    },
    "a6 a1":{
        "right":0.7134328358,
        "stay":0.1402985075,
        "up":0.0,
        "down":0.1462686567
    },
    "a6 a2":{
        "right":0.84,
        "stay":0.04,
        "up":0.0,
        "down":0.12
    },
    "a6 a3":{
        "right":0.8125,
        "stay":0.0625,
        "up":0.0,
        "down":0.125
    },
    "a6 a4":{
        "right":0.5853658537,
        "stay":0.0487804878,
        "up":0.0,
        "down":0.3658536585
    },
    "a6 a5":{
        "right":0.2962962963,
        "stay":0.037037037,
        "up":0.0,
        "down":0.6666666667
    },
    "a6 b1":{
        "right":0.0,
        "stay":0.8095238095,
        "up":0.1904761905,
        "down":0.0
    },
    "a6 b2":{
        "right":0.0,
        "stay":0.25,
        "up":0.75,
        "down":0.0
    },
    "a6 b3":{
        "right":0.0,
        "stay":0.3333333333,
        "up":0.6666666667,
        "down":0.0
    },
    "a6 b4":{
        "right":0.0,
        "stay":0.3,
        "up":0.7,
        "down":0.0
    },
    "a6 b5":{
        "right":0.0,
        "stay":0.5714285714,
        "up":0.4285714286,
        "down":0.0
    },
    "b2 a1":{
        "right":0.2105263158,
        "stay":0.6315789474,
        "up":0.0,
        "down":0.1578947368
    },
    "b2 a2":{
        "right":0.5833333333,
        "stay":0.1666666667,
        "up":0.0,
        "down":0.25
    },
    "b2 a3":{
        "right":0.6,
        "stay":0.3,
        "up":0.0,
        "down":0.1
    },
    "b2 a4":{
        "right":0.5,
        "stay":0.25,
        "up":0.0,
        "down":0.25
    },
    "b2 a5":{
        "right":0.25,
        "stay":0.25,
        "up":0.0,
        "down":0.5
    },
    "b2 b1":{
        "right":0.0,
        "stay":0.5142857143,
        "up":0.4857142857,
        "down":0.0
    },
    "b2 b5":{
        "right":0.0,
        "stay":0.6666666667,
        "up":0.3333333333,
        "down":0.0
    },
    "b3 a1":{
        "right":0.3333333333,
        "stay":0.5,
        "up":0.0,
        "down":0.1666666667
    },
    "b3 a2":{
        "right":0.7857142857,
        "stay":0.0714285714,
        "up":0.0,
        "down":0.1428571429
    },
    "b3 a3":{
        "right":0.85,
        "stay":0.05,
        "up":0.0,
        "down":0.1
    },
    "b3 a4":{
        "right":0.7894736842,
        "stay":0.0526315789,
        "up":0.0,
        "down":0.1578947368
    },
    "b3 a5":{
        "right":0.25,
        "stay":0.25,
        "up":0.0,
        "down":0.5
    },
    "b3 b1":{
        "right":0.0,
        "stay":0.3333333333,
        "up":0.6666666667,
        "down":0.0
    },
    "b3 b2":{
        "right":0.0,
        "stay":0.0769230769,
        "up":0.9230769231,
        "down":0.0
    },
    "b3 b5":{
        "right":0.0,
        "stay":0.7142857143,
        "up":0.2857142857,
        "down":0.0
    },
    "b4 a1":{
        "right":0.3333333333,
        "stay":0.3333333333,
        "up":0.0,
        "down":0.3333333333
    },
    "b4 a2":{
        "right":0.1153846154,
        "stay":0.8653846154,
        "up":0.0,
        "down":0.0192307692
    },
    "b4 a3":{
        "right":0.7323943662,