{
    "a1 a2":{
        "right":0.8863636364,
        "stay":0.0454545455,
        "up":0.0,
        "down":0.0681818182
    },
    "a1 a3":{
        "right":0.8369565217,
        "stay":0.0869565217,
        "up":0.0,
        "down":0.0760869565
    },
    "a1 a4":{
        "right":0.979338843,
        "stay":0.0041322314,
        "up":0.0,
        "down":0.0165289256
    },
    "a1 a5":{
        "right":0.9117647059,
        "stay":0.0551470588,
        "up":0.0,
        "down":0.0330882353
    },
    "a1 b1":{
        "right":0.0,
        "stay":0.7540983607,
        "up":0.2459016393,
        "down":0.0
    },
    "a1 b2":{
        "right":0.0,
        "stay":0.1153846154,
        "up":0.8846153846,
        "down":0.0
    },
    "a1 b3":{
        "right":0.0,
        "stay":0.4375,
        "up":0.5625,
        "down":0.0
    },
    "a1 b4":{
        "right":0.0,
        "stay":0.4444444444,
        "up":0.5555555556,
        "down":0.0
    },
    "a1 b5":{
        "right":0.0,
        "stay":0.3076923077,
        "up":0.6923076923,
        "down":0.0
    },
    "a2 a1":{
        "right":0.1886792453,
        "stay":0.320754717,
        "up":0.0,
        "down":0.4905660377
    },
    "a2 a3":{
        "right":0.8829787234,
        "stay":0.0531914894,
        "up":0.0,
        "down":0.0638297872
    },
    "a2 a4":{
        "right":0.6666666667,
        "stay":0.25,
        "up":0.0,
        "down":0.0833333333
    },
    "a2 a5":{
        "right":0.8928571429,
        "stay":0.0714285714,
        "up":0.0,
        "down":0.0357142857
    },
    "a2 b1":{
        "right":0.0,
        "stay":0.6585365854,
        "up":0.3414634146,
        "down":0.0
    },
    "a2 b2":{
        "right":0.0,
        "stay":0.525,
        "up":0.475,
        "down":0.0
    },
    "a2 b3":{
        "right":0.0,
        "stay":0.0990990991,
        "up":0.9009009009,
        "down":0.0
    },
    "a2 b4":{
        "right":0.0,
        "stay":0.6666666667,
        "up":0.3333333333,
        "down":0.0
    },
    "a2 b5":{
        "right":0.0,
        "stay":0.3333333333,
        "up":0.6666666667,
        "down":0.0
    },
    "a3 a1":{
        "right":0.0810810811,
        "stay":0.7297297297,
        "up":0.0,
        "down":0.1891891892
    },
    "a3 a2":{
        "right":0.1471861472,
        "stay":0.1038961039,
        "up":0.0,
        "down":0.7489177489
    },
    "a3 a4":{
        "right":0.8148148148,
        "stay":0.1111111111,
        "up":0.0,
        "down":0.0740740741
    },
    "a3 a5":{
        "right":0.7692307692,
        "stay":0.1538461538,
        "up":0.0,
        "down":0.0769230769
    },
    "a3 b1":{
        "right":0.0,
        "stay":0.7222222222,
        "up":0.2777777778,
        "down":0.0
    },
    "a3 b2":{
        "right":0.0,
        "stay":0.5675675676,
        "up":0.4324324324,
        "down":0.0
    },
    "a3 b3":{
        "right":0.0,
        "stay":0.5505050505,
        "up":0.4494949495,
        "down":0.0
    },
    "a3 b4":{
        "right":0.0,
        "stay":0.25,
        "up":0.75,
        "down":0.0
    },
    "a3 b5":{
        "right":0.0,
        "stay":0.5714285714,
        "up":0.4285714286,
        "down":0.0
    },
    "a4 a1":{
        "right":0.5394736842,
        "stay":0.3157894737,
        "up":0.0,
        "down":0.1447368421
    },
    "a4 a2":{
        "right":0.4583333333,
        "stay":0.3333333333,
        "up":0.0,
        "down":0.2083333333
    },
    "a4 a3":{
        "right":0.1792035398,
        "stay":0.092920354,
        "up":0.0,
        "down":0.7278761062
    },
    "a4 a5":{
        "right":0.5652173913,
        "stay":0.3043478261,
        "up":0.0,
        "down":0.1304347826
    },
    "a4 b1":{
        "right":0.0,
        "stay":0.8219178082,
        "up":0.1780821918,
        "down":0.0
    },
    "a4 b2":{
        "right":0.0,
        "stay":0.2142857143,
        "up":0.7857142857,
        "down":0.0
    },
    "a4 b3":{
        "right":0.0,
        "stay":0.5585585586,
        "up":0.4414414414,
        "down":0.0
    },
    "a4 b4":{
        "right":0.0,
        "stay":0.25,
        "up":0.75,
        "down":0.0
    },
    "a4 b5":{
        "right":0.0,
        "stay":0.2222222222,
        "up":0.7777777778,
        "down":0.0
    },
    "a5 a1":{
        "right":0.3211678832,
        "stay":0.5912408759,
        "up":0.0,
        "down":0.0875912409
    },
    "a5 a2":{
        "right":0.819221968,
        "stay":0.0389016018,
        "up":0.0,
        "down":0.1418764302
    },
    "a5 a3":{
        "right":0.5454545455,
        "stay":0.0909090909,
        "up":0.0,
        "down":0.3636363636
    },
    "a5 a4":{
        "right":0.3,
        "stay":0.1,
        "up":0.0,
        "down":0.6
    },
    "a5 b1":{
        "right":0.0,
        "stay":0.4112149533,
        "up":0.5887850467,
        "down":0.0
    },
    "a5 b3":{
        "right":0.0,
        "stay":0.3333333333,
        "up":0.6666666667,
        "down":0.0
    },
    "a5 b4":{
        "right":0.0,
        "stay":0.3333333333,
        "up":0.6666666667,
        "down":0.0
    },
    "a5 b5":{
        "right":0.0,
        "stay":0.9777777778,
        "up":0.0222222222,
        "down":0.0
    },
    "a6 a1":{
        "right":0.7467532468,
        "stay":0.1136363636,
        "up":0.0,
        "down":0.1396103896
    },
    "a6 a2":{
        "right":0.914893617,
        "stay":0.0212765957,
        "up":0.0,
        "down":0.0638297872
    },
    "a6 a3":{
        "right":0.85,
        "stay":0.075,
        "up":0.0,
        "down":0.075
    },
    "a6 a4":{
        "right":0.6818181818,
        "stay":0.0303030303,
        "up":0.0,
        "down":0.2878787879
    },
    "a6 a5":{
        "right":0.2156862745,
        "stay":0.0392156863,
        "up":0.0,
        "down":0.7450980392
    },
    "a6 b1":{
        "right":0.0,
        "stay":0.8181818182,
        "up":0.1818181818,
        "down":0.0
    },
    "a6 b2":{
        "right":0.0,
        "stay":0.25,
        "up":0.75,
        "down":0.0
    },
    "a6 b3":{
        "right":0.0,
        "stay":0.25,
        "up":0.75,
        "down":0.0
    },
    "a6 b4":{
        "right":0.0,
        "stay":0.5813953488,
        "up":0.4186046512,
        "down":0.0
    },
    "a6 b5":{
        "right":0.0,
        "stay":0.6666666667,
        "up":0.3333333333,
        "down":0.0
    },
    "b2 a1":{
        "right":0.1538461538,
        "stay":0.7692307692,
        "up":0.0,
        "down":0.0769230769
    },
    "b2 a2":{
        "right":0.5333333333,
        "stay":0.1333333333,
        "up":0.0,
        "down":0.3333333333
    },
    "b2 a3":{
        "right":0.6,
        "stay":0.3,
        "up":0.0,
        "down":0.1
    },
    "b2 a4":{
        "right":0.5,
        "stay":0.25,
        "up":0.0,
        "down":0.25
    },
    "b2 a5":{
        "right":0.25,
        "stay":0.25,
        "up":0.0,
        "down":0.5
    },
    "b2 b1":{
        "right":0.0,
        "stay":0.2692307692,
        "up":0.7307692308,
        "down":0.0
    },
    "b2 b5":{
        "right":0.0,
        "stay":0.6666666667,
        "up":0.3333333333,
        "down":0.0
    },
    "b3 a1":{
        "right":0.2857142857,
        "stay":0.619047619,
        "up":0.0,
        "down":0.0952380952
    },
    "b3 a2":{
        "right":0.71875,
        "stay":0.125,
        "up":0.0,
        "down":0.15625
    },
    "b3 a3":{
        "right":0.8431372549,
        "stay":0.0784313725,
        "up":0.0,
        "down":0.0784313725
    },
    "b3 a4":{
        "right":0.7916666667,
        "stay":0.0833333333,
        "up":0.0,
        "down":0.125
    },
    "b3 a5":{
        "right":0.4,
        "stay":0.2,
        "up":0.0,
        "down":0.4
    },
    "b3 b1":{
        "right":0.0,
        "stay":0.7272727273,
        "up":0.2727272727,
        "down":0.0
    },
    "b3 b2":{
        "right":0.0,
        "stay":0.1276595745,
        "up":0.8723404255,
        "down":0.0
    },