{
    "a1 a2":{
        "right":0.75,
        "stay":0.125,
        "up":0.0,
        "down":0.125
    },
    "a1 a3":{
        "right":0.7826086957,
        "stay":0.152173913,
        "up":0.0,
        "down":0.0652173913
    },
    "a1 a4":{
        "right":0.9649122807,
        "stay":0.0175438596,
        "up":0.0,
        "down":0.0175438596
    },
    "a1 a5":{
        "right":0.8767123288,
        "stay":0.0547945205,
        "up":0.0,
        "down":0.0684931507
    },
    "a1 b1":{
        "right":0.0,
        "stay":0.7692307692,
        "up":0.2307692308,
        "down":0.0
    },
    "a1 b2":{
        "right":0.0,
        "stay":0.2,
        "up":0.8,
        "down":0.0
    },
    "a1 b3":{
        "right":0.0,
        "stay":0.5,
        "up":0.5,
        "down":0.0
    },
    "a1 b5":{
        "right":0.0,
        "stay":0.375,
        "up":0.625,
        "down":0.0
    },
    "a2 a1":{
        "right":0.2592592593,
        "stay":0.5185185185,
        "up":0.0,
        "down":0.2222222222
    },
    "a2 a3":{
        "right":0.84,
        "stay":0.08,
        "up":0.0,
        "down":0.08
    },
    "a2 a4":{
        "right":0.625,
        "stay":0.25,
        "up":0.0,
        "down":0.125
    },
    "a2 a5":{
        "right":0.6666666667,
        "stay":0.1666666667,
        "up":0.0,
        "down":0.1666666667
    },
    "a2 b1":{
        "right":0.0,
        "stay":0.6363636364,
        "up":0.3636363636,
        "down":0.0
    },
    "a2 b2":{
        "right":0.0,
        "stay":0.625,
        "up":0.375,
        "down":0.0
    },
    "a2 b3":{
        "right":0.0,
        "stay":0.1515151515,
        "up":0.8484848485,
        "down":0.0
    },
    "a2 b5":{
        "right":0.0,
        "stay":0.3333333333,
        "up":0.6666666667,
        "down":0.0
    },
    "a3 a1":{
        "right":0.0975609756,
        "stay":0.7073170732,
        "up":0.0,
        "down":0.1951219512
    },
    "a3 a2":{
        "right":0.2380952381,
        "stay":0.1904761905,
        "up":0.0,
        "down":0.5714285714
    },
    "a3 a4":{
        "right":0.4,
        "stay":0.4,
        "up":0.0,
        "down":0.2
    },
    "a3 a5":{
        "right":0.7333333333,
        "stay":0.1333333333,
        "up":0.0,
        "down":0.1333333333
    },
    "a3 b1":{
        "right":0.0,
        "stay":0.65,
        "up":0.35,
        "down":0.0
    },
    "a3 b2":{
        "right":0.0,
        "stay":0.375,
        "up":0.625,
        "down":0.0
    },
    "a3 b3":{
        "right":0.0,
        "stay":0.5740740741,
        "up":0.4259259259,
        "down":0.0
    },
    "a3 b5":{
        "right":0.0,
        "stay":0.6666666667,
        "up":0.3333333333,
        "down":0.0
    },
    "a4 a1":{
        "right":0.4,
        "stay":0.4857142857,
        "up":0.0,
        "down":0.1142857143
    },
    "a4 a2":{
        "right":0.6086956522,
        "stay":0.3043478261,
        "up":0.0,
        "down":0.0869565217
    },
    "a4 a3":{
        "right":0.216374269,
        "stay":0.0584795322,
        "up":0.0,
        "down":0.7251461988
    },
    "a4 a5":{
        "right":0.5555555556,
        "stay":0.3333333333,
        "up":0.0,
        "down":0.1111111111
    },
    "a4 b1":{
        "right":0.0,
        "stay":0.6470588235,
        "up":0.3529411765,
        "down":0.0
    },
    "a4 b2":{
        "right":0.0,
        "stay":0.1666666667,
        "up":0.8333333333,
        "down":0.0
    },
    "a4 b3":{
        "right":0.0,
        "stay":0.5789473684,
        "up":0.4210526316,
        "down":0.0
    },
    "a4 b4":{
        "right":0.0,
        "stay":0.25,
        "up":0.75,
        "down":0.0
    },
    "a4 b5":{
        "right":0.0,
        "stay":0.3333333333,
        "up":0.6666666667,
        "down":0.0
    },
    "a5 a1":{
        "right":0.3606557377,
        "stay":0.5409836066,
        "up":0.0,
        "down":0.0983606557
    },
    "a5 a2":{
        "right":0.8181818182,
        "stay":0.0484848485,
        "up":0.0,
        "down":0.1333333333
    },
    "a5 a3":{
        "right":0.5454545455,
        "stay":0.0909090909,
        "up":0.0,
        "down":0.3636363636
    },
    "a5 a4":{
        "right":0.3,
        "stay":0.1,
        "up":0.0,
        "down":0.6
    },
    "a5 b1":{
        "right":0.0,
        "stay":0.462962963,
        "up":0.537037037,
        "down":0.0
    },
    "a5 b3":{
        "right":0.0,
        "stay":0.3333333333,
        "up":0.6666666667,
        "down":0.0
    },
    "a5 b4":{
        "right":0.0,
        "stay":0.3333333333,
        "up":0.6666666667,
        "down":0.0
    },
    "a5 b5":{
        "right":0.0,
        "stay":0.75,
        "up":0.25,
        "down":0.0
    },
    "a6 a1":{
        "right":0.6748971193,
        "stay":0.1563786008,
        "up":0.0,
        "down":0.1687242798
    },
    "a6 a2":{
        "right":0.8666666667,
        "stay":0.0666666667,
        "up":0.0,
        "down":0.0666666667
    },
    "a6 a3":{
        "right":0.7,
        "stay":0.1,
        "up":0.0,
        "down":0.2
    },
    "a6 a4":{
        "right":0.6,
        "stay":0.1,
        "up":0.0,
        "down":0.3
    },
    "a6 a5":{
        "right":0.25,
        "stay":0.125,
        "up":0.0,
        "down":0.625
    },
    "a6 b1":{
        "right":0.0,
        "stay":0.85,
        "up":0.15,
        "down":0.0
    },
    "a6 b3":{
        "right":0.0,
        "stay":0.3333333333,
        "up":0.6666666667,
        "down":0.0
    },
    "a6 b4":{
        "right":0.0,
        "stay":0.3333333333,
        "up":0.6666666667,
        "down":0.0
    },
    "a6 b5":{
        "right":0.0,
        "stay":0.25,
        "up":0.75,
        "down":0.0
    },
    "b2 a1":{
        "right":0.1666666667,
        "stay":0.6666666667,
        "up":0.0,
        "down":0.1666666667
    },
    "b2 a2":{
        "right":0.6666666667,
        "stay":0.2222222222,
        "up":0.0,
        "down":0.1111111111
    },
    "b2 a3":{
        "right":0.5555555556,
        "stay":0.3333333333,
        "up":0.0,
        "down":0.1111111111
    },
    "b2 a4":{
        "right":0.5,
        "stay":0.25,
        "up":0.0,
        "down":0.25
    },
    "b2 a5":{
        "right":0.25,
        "stay":0.25,
        "up":0.0,
        "down":0.5
    },
    "b2 b1":{
        "right":0.0,
        "stay":0.75,
        "up":0.25,
        "down":0.0
    },
    "b2 b5":{
        "right":0.0,
        "stay":0.6666666667,
        "up":0.3333333333,
        "down":0.0
    },
    "b3 a1":{
        "right":0.3333333333,
        "stay":0.5,
        "up":0.0,
        "down":0.1666666667
    },
    "b3 a2":{
        "right":0.7,
        "stay":0.1,
        "up":0.0,
        "down":0.2
    },
    "b3 a3":{
        "right":0.7692307692,
        "stay":0.0769230769,
        "up":0.0,
        "down":0.1538461538
    },
    "b3 a4":{
        "right":0.8333333333,
        "stay":0.0833333333,
        "up":0.0,
        "down":0.0833333333
    },
    "b3 a5":{
        "right":0.25,
        "stay":0.25,
        "up":0.0,
        "down":0.5
    },
    "b3 b1":{
        "right":0.0,
        "stay":0.3333333333,
        "up":0.6666666667,
        "down":0.0
    },
    "b3 b2":{
        "right":0.0,
        "stay":0.1428571429,
        "up":0.8571428571,
        "down":0.0
    },
    "b3 b5":{
        "right":0.0,
        "stay":0.7142857143,
        "up":0.2857142857,
        "down":0.0
    },
    "b4 a1":{
        "right":0.3333333333,
        "stay":0.3333333333,
        "up":0.0,
        "down":0.3333333333
    },
    "b4 a2":{
        "right":0.1153846154,
        "stay":0.8653846154,
        "up":0.0,
        "down":0.0192307692
    },
    "b4 a3":{
        "right":0.7166666667,
        "stay":0.1333333333,
        "up":0.0,
        "down":0.15
    },
    "b4 a4":{
        "right":0.6896551724,
        "stay":0.2413793103,
        "up":0.0,
        "down":0.0689655172
    },
    "b4 a5":{
        "right":0.8596491228,
        "stay":0.0877192982,