{
    "a1 a2 nxt: a1 a2":{
        "right":0.5,
        "stay":0.25,
        "up":0.0,
        "down":0.25
    },
    "a1 a2 nxt: a1 a3":{
        "right":0.5,
        "stay":0.3333333333,
        "up":0.0,
        "down":0.1666666667
    },
    "a1 a3 nxt: a1 a3":{
        "right":0.25,
        "stay":0.25,
        "up":0.0,
        "down":0.5
    },
    "a1 a3 nxt: a1 a4":{
        "right":0.8947368421,
        "stay":0.0526315789,
        "up":0.0,
        "down":0.0526315789
    },
    "a1 a3 nxt: a1 b3":{
        "right":0.0,
        "stay":0.6666666667,
        "up":0.3333333333,
        "down":0.0
    },
    "a1 a4 nxt: a1 a5":{
        "right":0.9166666667,
        "stay":0.0416666667,
        "up":0.0,
        "down":0.0416666667
    },
    "a1 a5 nxt: a1 a5":{
        "right":0.25,
        "stay":0.625,
        "up":0.0,
        "down":0.125
    },
    "a1 a5 nxt: a1 b5":{
        "right":0.0,
        "stay":0.25,
        "up":0.75,
        "down":0.0
    },
    "a1 b1 nxt: a1 b1":{
        "right":0.0,
        "stay":0.5714285714,
        "up":0.4285714286,
        "down":0.0
    },
    "a1 b2 nxt: a1 a2":{
        "right":0.4,
        "stay":0.4,
        "up":0.0,
        "down":0.2
    },
    "a1 b2 nxt: a1 b2":{
        "right":0.0,
        "stay":0.3333333333,
        "up":0.6666666667,
        "down":0.0
    },
    "a1 b3 nxt: a1 a3":{
        "right":0.5,
        "stay":0.25,
        "up":0.0,
        "down":0.25
    },
    "a1 b3 nxt: a1 b3":{
        "right":0.0,
        "stay":0.6666666667,
        "up":0.3333333333,
        "down":0.0
    },
    "a1 b5 nxt: a1 a5":{
        "right":0.4,
        "stay":0.4,
        "up":0.0,
        "down":0.2
    },
    "a2 a1 nxt: a2 b1":{
        "right":0.0,
        "stay":0.6666666667,
        "up":0.3333333333,
        "down":0.0
    },
    "a2 a1 nxt: b2 a1":{
        "right":0.5,
        "stay":0.25,
        "up":0.0,
        "down":0.25
    },
    "a2 a1 nxt: b2 a2":{
        "right":0.4,
        "stay":0.2,
        "up":0.0,
        "down":0.4
    },
    "a2 a1 nxt: b2 b1":{
        "right":0.0,
        "stay":0.2352941176,
        "up":0.7647058824,
        "down":0.0
    },
    "a2 a3 nxt: a1 a3":{
        "right":0.5,
        "stay":0.25,
        "up":0.0,
        "down":0.25
    },
    "a2 a3 nxt: a1 a4":{
        "right":0.75,
        "stay":0.125,
        "up":0.0,
        "down":0.125
    },
    "a2 a4 nxt: a1 a5":{
        "right":0.3333333333,
        "stay":0.1666666667,
        "up":0.0,
        "down":0.5
    },
    "a2 a5 nxt: a1 a5":{
        "right":0.5,
        "stay":0.25,
        "up":0.0,
        "down":0.25
    },
    "a2 b1 nxt: a1 b1":{
        "right":0.0,
        "stay":0.75,
        "up":0.25,
        "down":0.0
    },
    "a2 b1 nxt: a2 a1":{
        "right":0.1428571429,
        "stay":0.1428571429,
        "up":0.0,
        "down":0.7142857143
    },
    "a2 b1 nxt: a2 b1":{
        "right":0.0,
        "stay":0.25,
        "up":0.75,
        "down":0.0
    },
    "a2 b2 nxt: a1 a2":{
        "right":0.5,
        "stay":0.25,
        "up":0.0,
        "down":0.25
    },
    "a2 b2 nxt: a1 b2":{
        "right":0.0,
        "stay":0.5,
        "up":0.5,
        "down":0.0
    },
    "a2 b3 nxt: a1 a3":{
        "right":0.8666666667,
        "stay":0.0666666667,
        "up":0.0,
        "down":0.0666666667
    },
    "a3 a1 nxt: a2 a1":{
        "right":0.2,
        "stay":0.4,
        "up":0.0,
        "down":0.4
    },
    "a3 a1 nxt: a3 a1":{
        "right":0.1428571429,
        "stay":0.4285714286,
        "up":0.0,
        "down":0.4285714286
    },
    "a3 a1 nxt: a3 b1":{
        "right":0.0,
        "stay":0.4,
        "up":0.6,
        "down":0.0
    },
    "a3 a2 nxt: a2 b2":{
        "right":0.0,
        "stay":0.3333333333,
        "up":0.6666666667,
        "down":0.0
    },
    "a3 a2 nxt: a3 b2":{
        "right":0.0,
        "stay":0.1666666667,
        "up":0.8333333333,
        "down":0.0
    },
    "a3 a2 nxt: b3 a2":{
        "right":0.7142857143,
        "stay":0.1428571429,
        "up":0.0,
        "down":0.1428571429
    },
    "a3 a2 nxt: b3 a3":{
        "right":0.6666666667,
        "stay":0.1666666667,
        "up":0.0,
        "down":0.1666666667
    },
    "a3 a2 nxt: b3 b2":{
        "right":0.0,
        "stay":0.0754716981,
        "up":0.9245283019,
        "down":0.0
    },
    "a3 a5 nxt: a2 a5":{
        "right":0.4,
        "stay":0.4,
        "up":0.0,
        "down":0.2
    },
    "a3 b1 nxt: a2 a1":{
        "right":0.2,
        "stay":0.2,
        "up":0.0,
        "down":0.6
    },
    "a3 b1 nxt: a2 b1":{
        "right":0.0,
        "stay":0.75,
        "up":0.25,
        "down":0.0
    },
    "a3 b2 nxt: a2 b2":{
        "right":0.0,
        "stay":0.75,
        "up":0.25,
        "down":0.0
    },
    "a3 b2 nxt: a3 a2":{
        "right":0.25,
        "stay":0.375,
        "up":0.0,
        "down":0.375
    },
    "a3 b2 nxt: a3 b2":{
        "right":0.0,
        "stay":0.5555555556,
        "up":0.4444444444,
        "down":0.0
    },
    "a3 b3 nxt: a2 a3":{
        "right":0.6666666667,
        "stay":0.2222222222,
        "up":0.0,
        "down":0.1111111111
    },
    "a3 b3 nxt: a2 b3":{
        "right":0.0,
        "stay":0.0714285714,
        "up":0.9285714286,
        "down":0.0
    },
    "a3 b4 nxt: a2 a4":{
        "right":0.6,
        "stay":0.2,
        "up":0.0,
        "down":0.2
    },
    "a4 a1 nxt: a3 a1":{
        "right":0.1428571429,
        "stay":0.7142857143,
        "up":0.0,
        "down":0.1428571429
    },
    "a4 a1 nxt: a3 a2":{
        "right":0.1428571429,
        "stay":0.1428571429,
        "up":0.0,
        "down":0.7142857143
    },
    "a4 a2 nxt: a3 b2":{
        "right":0.0,
        "stay":0.6666666667,
        "up":0.3333333333,
        "down":0.0
    },
    "a4 a2 nxt: a4 a2":{
        "right":0.5,
        "stay":0.25,
        "up":0.0,
        "down":0.25
    },
    "a4 a2 nxt: a4 a3":{
        "right":0.25,
        "stay":0.25,
        "up":0.0,
        "down":0.5
    },
    "a4 a2 nxt: a4 b2":{
        "right":0.0,
        "stay":0.75,
        "up":0.25,
        "down":0.0
    },
    "a4 a3 nxt: a3 b3":{
        "right":0.0,
        "stay":0.5454545455,
        "up":0.4545454545,
        "down":0.0
    },
    "a4 a3 nxt: a4 b3":{
        "right":0.0,
        "stay":0.625,
        "up":0.375,
        "down":0.0
    },
    "a4 a3 nxt: b4 a3":{
        "right":0.75,
        "stay":0.1666666667,
        "up":0.0,
        "down":0.0833333333
    },
    "a4 a3 nxt: b4 a4":{
        "right":0.7692307692,
        "stay":0.1538461538,
        "up":0.0,
        "down":0.0769230769
    },
    "a4 a3 nxt: b4 b3":{
        "right":0.0,
        "stay":0.2857142857,
        "up":0.7142857143,
        "down":0.0
    },
    "a4 a5 nxt: a3 a5":{
        "right":0.25,
        "stay":0.5,
        "up":0.0,
        "down":0.25
    },
    "a4 b1 nxt: a3 a1":{
        "right":0.25,
        "stay":0.25,
        "up":0.0,
        "down":0.5
    },
    "a4 b1 nxt: a3 b1":{
        "right":0.0,
        "stay":0.6666666667,
        "up":0.3333333333,
        "down":0.0
    },
    "a4 b2 nxt: a3 a2":{
        "right":0.1111111111,
        "stay":0.1111111111,
        "up":0.0,
        "down":0.7777777778
    },
    "a4 b2 nxt: a3 b2":{
        "right":0.0,
        "stay":0.6666666667,
        "up":0.3333333333,
        "down":0.0
    },
    "a4 b3 nxt: a3 b3":{
        "right":0.0,
        "stay":0.7272727273,
        "up":0.2727272727,
        "down":0.0
    },
    "a4 b3 nxt: a4 a3":{
        "right":0.2,
        "stay":0.6,
        "up":0.0,
        "down":0.2
    },
    "a4 b3 nxt: a4 b3":{
        "right":0.0,
        "stay":0.6923076923,
        "up":0.3076923077,
        "down":0.0
    },
    "a4 b5 nxt: a3 a5":{
        "right":0.25,
        "stay":0.5,
        "up":0.0,
        "down":0.25
    },
    "a5 a1 nxt: a4 a1":{
        "right":0.1428571429,
        "stay":0.7142857143,