{
    "a1 a2":{
        "right":0.8684210526,
        "stay":0.0526315789,
        "up":0.0,
        "down":0.0789473684
    },
    "a1 a3":{
        "right":0.8629032258,
        "stay":0.0887096774,
        "up":0.0,
        "down":0.0483870968
    },
    "a1 a4":{
        "right":0.987804878,
        "stay":0.006097561,
        "up":0.0,
        "down":0.006097561
    },
    "a1 a5":{
        "right":0.9162303665,
        "stay":0.0471204188,
        "up":0.0,
        "down":0.0366492147
    },
    "a1 b1":{
        "right":0.0,
        "stay":0.7704918033,
        "up":0.2295081967,
        "down":0.0
    },
    "a1 b2":{
        "right":0.0,
        "stay":0.1304347826,
        "up":0.8695652174,
        "down":0.0
    },
    "a1 b3":{
        "right":0.0,
        "stay":0.5294117647,
        "up":0.4705882353,
        "down":0.0
    },
    "a1 b4":{
        "right":0.0,
        "stay":0.3333333333,
        "up":0.6666666667,
        "down":0.0
    },
    "a1 b5":{
        "right":0.0,
        "stay":0.3,
        "up":0.7,
        "down":0.0
    },
    "a2 a1":{
        "right":0.1886792453,
        "stay":0.320754717,
        "up":0.0,
        "down":0.4905660377
    },
    "a2 a3":{
        "right":0.8888888889,
        "stay":0.0476190476,
        "up":0.0,
        "down":0.0634920635
    },
    "a2 a4":{
        "right":0.7272727273,
        "stay":0.1818181818,
        "up":0.0,
        "down":0.0909090909
    },
    "a2 a5":{
        "right":0.625,
        "stay":0.25,
        "up":0.0,
        "down":0.125
    },
    "a2 b1":{
        "right":0.0,
        "stay":0.6666666667,
        "up":0.3333333333,
        "down":0.0
    },
    "a2 b2":{
        "right":0.0,
        "stay":0.5428571429,
        "up":0.4571428571,
        "down":0.0
    },
    "a2 b3":{
        "right":0.0,
        "stay":0.1351351351,
        "up":0.8648648649,
        "down":0.0
    },
    "a2 b4":{
        "right":0.0,
        "stay":0.6666666667,
        "up":0.3333333333,
        "down":0.0
    },
    "a2 b5":{
        "right":0.0,
        "stay":0.3333333333,
        "up":0.6666666667,
        "down":0.0
    },
    "a3 a1":{
        "right":0.064516129,
        "stay":0.7419354839,
        "up":0.0,
        "down":0.1935483871
    },
    "a3 a2":{
        "right":0.1456953642,
        "stay":0.0860927152,
        "up":0.0,
        "down":0.7682119205
    },
    "a3 a4":{
        "right":0.4285714286,
        "stay":0.2857142857,
        "up":0.0,
        "down":0.2857142857
    },
    "a3 a5":{
        "right":0.7692307692,
        "stay":0.1538461538,
        "up":0.0,
        "down":0.0769230769
    },
    "a3 b1":{
        "right":0.0,
        "stay":0.6363636364,
        "up":0.3636363636,
        "down":0.0
    },
    "a3 b2":{
        "right":0.0,
        "stay":0.4489795918,
        "up":0.5510204082,
        "down":0.0
    },
    "a3 b3":{
        "right":0.0,
        "stay":0.5454545455,
        "up":0.4545454545,
        "down":0.0
    },
    "a3 b4":{
        "right":0.0,
        "stay":0.25,
        "up":0.75,
        "down":0.0
    },
    "a3 b5":{
        "right":0.0,
        "stay":0.6666666667,
        "up":0.3333333333,
        "down":0.0
    },
    "a4 a1":{
        "right":0.5285714286,
        "stay":0.3285714286,
        "up":0.0,
        "down":0.1428571429
    },
    "a4 a2":{
        "right":0.4736842105,
        "stay":0.2894736842,
        "up":0.0,
        "down":0.2368421053
    },
    "a4 a3":{
        "right":0.1818181818,
        "stay":0.1019283747,
        "up":0.0,
        "down":0.7162534435
    },
    "a4 a5":{
        "right":0.5714285714,
        "stay":0.3333333333,
        "up":0.0,
        "down":0.0952380952
    },
    "a4 b1":{
        "right":0.0,
        "stay":0.8142857143,
        "up":0.1857142857,
        "down":0.0
    },
    "a4 b2":{
        "right":0.0,
        "stay":0.2156862745,
        "up":0.7843137255,
        "down":0.0
    },
    "a4 b3":{
        "right":0.0,
        "stay":0.5585585586,
        "up":0.4414414414,
        "down":0.0
    },
    "a4 b4":{
        "right":0.0,
        "stay":0.25,
        "up":0.75,
        "down":0.0
    },
    "a4 b5":{
        "right":0.0,
        "stay":0.2222222222,
        "up":0.7777777778,
        "down":0.0
    },
    "a5 a1":{
        "right":0.3953488372,
        "stay":0.511627907,
        "up":0.0,
        "down":0.0930232558
    },
    "a5 a2":{
        "right":0.8292682927,
        "stay":0.0365853659,
        "up":0.0,
        "down":0.1341463415
    },
    "a5 a3":{
        "right":0.5454545455,
        "stay":0.0909090909,
        "up":0.0,
        "down":0.3636363636
    },
    "a5 a4":{
        "right":0.3,
        "stay":0.1,
        "up":0.0,
        "down":0.6
    },
    "a5 b1":{
        "right":0.0,
        "stay":0.4111111111,
        "up":0.5888888889,
        "down":0.0
    },
    "a5 b3":{
        "right":0.0,
        "stay":0.3333333333,
        "up":0.6666666667,
        "down":0.0
    },
    "a5 b4":{
        "right":0.0,
        "stay":0.3333333333,
        "up":0.6666666667,
        "down":0.0
    },
    "a5 b5":{
        "right":0.0,
        "stay":0.9777777778,
        "up":0.0222222222,
        "down":0.0
    },
    "a6 a1":{
        "right":0.7258064516,
        "stay":0.1209677419,
        "up":0.0,
        "down":0.1532258065
    },
    "a6 a2":{
        "right":0.914893617,
        "stay":0.0212765957,
        "up":0.0,
        "down":0.0638297872
    },
    "a6 a3":{
        "right":0.85,
        "stay":0.075,
        "up":0.0,
        "down":0.075
    },
    "a6 a4":{
        "right":0.6818181818,
        "stay":0.0303030303,
        "up":0.0,
        "down":0.2878787879
    },
    "a6 a5":{
        "right":0.2156862745,
        "stay":0.0392156863,
        "up":0.0,
        "down":0.7450980392
    },
    "a6 b1":{
        "right":0.0,
        "stay":0.8181818182,
        "up":0.1818181818,
        "down":0.0
    },
    "a6 b2":{
        "right":0.0,
        "stay":0.25,
        "up":0.75,
        "down":0.0
    },
    "a6 b3":{
        "right":0.0,
        "stay":0.25,
        "up":0.75,
        "down":0.0
    },
    "a6 b4":{
        "right":0.0,
        "stay":0.5813953488,
        "up":0.4186046512,
        "down":0.0
    },
    "a6 b5":{
        "right":0.0,
        "stay":0.6666666667,
        "up":0.3333333333,
        "down":0.0
    },
    "b2 a1":{
        "right":0.1538461538,
        "stay":0.7692307692,
        "up":0.0,
        "down":0.0769230769
    },
    "b2 a2":{
        "right":0.5333333333,
        "stay":0.1333333333,
        "up":0.0,
        "down":0.3333333333
    },
    "b2 a3":{
        "right":0.6,
        "stay":0.3,
        "up":0.0,
        "down":0.1
    },
    "b2 a4":{
        "right":0.5,
        "stay":0.25,
        "up":0.0,
        "down":0.25
    },
    "b2 a5":{
        "right":0.25,
        "stay":0.25,
        "up":0.0,
        "down":0.5
    },
    "b2 b1":{
        "right":0.0,
        "stay":0.5128205128,
        "up":0.4871794872,
        "down":0.0
    },
    "b2 b5":{
        "right":0.0,
        "stay":0.6666666667,
        "up":0.3333333333,
        "down":0.0
    },
    "b3 a1":{
        "right":0.4285714286,
        "stay":0.4285714286,
        "up":0.0,
        "down":0.1428571429
    },
    "b3 a2":{
        "right":0.8,
        "stay":0.0666666667,
        "up":0.0,
        "down":0.1333333333
    },
    "b3 a3":{
        "right":0.8214285714,
        "stay":0.0357142857,
        "up":0.0,
        "down":0.1428571429
    },
    "b3 a4":{
        "right":0.7916666667,
        "stay":0.0833333333,
        "up":0.0,
        "down":0.125
    },
    "b3 a5":{
        "right":0.4,
        "stay":0.2,
        "up":0.0,
        "down":0.4
    },
    "b3 b1":{
        "right":0.0,
        "stay":0.3333333333,
        "up":0.6666666667,
        "down":0.0
    },
    "b3 b2":{
        "right":0.0,
        "stay":0.08,
        "up":0.92,
        "down":0.0
    },